model,trial,C,class_weight,auc_mean,pr_auc_mean,f1_mean,auc_std,pr_auc_std,f1_std,n_estimators,max_depth,min_samples_leaf,learning_rate,subsample,colsample_bytree
logistic_regression,1,0.1,,0.7897558900158808,0.7847025582147301,0.7524675782074637,0.005315807659133627,0.007768057742857353,0.010649290644088616,,,,,,
logistic_regression,2,1.0,balanced,0.7918266880537733,0.7872456817676328,0.7559128162516418,0.004869859561794329,0.0075833069171475365,0.00986029123350651,,,,,,
logistic_regression,3,1.0,,0.7918565093018806,0.7871349901547312,0.7549258618302521,0.004760941852912353,0.007477889385612506,0.011323509817705808,,,,,,
logistic_regression,4,2.0,balanced,0.7919638232223016,0.7873779712228701,0.7557573559395238,0.004621804479691471,0.007486212053401298,0.009671460893164872,,,,,,
logistic_regression,5,4.0,balanced,0.7919507571102896,0.7874913886254262,0.7558759796428625,0.004521658193930328,0.007591726984447542,0.009339732054019122,,,,,,
logistic_regression,6,0.25,balanced,0.7911056652330254,0.7863465393726363,0.7559004425548536,0.005016866111312367,0.007196132532804615,0.010007578846934543,,,,,,
logistic_regression,7,0.5,balanced,0.7916005021101722,0.7868379643509211,0.756588080122398,0.005041749272297834,0.0074974102166043876,0.010486046938745594,,,,,,
logistic_regression,8,0.25,,0.7911745550508154,0.7863328099992951,0.754300033057876,0.0050648027011665035,0.007318969820900358,0.011917603164801664,,,,,,
logistic_regression,9,0.5,,0.791623039319373,0.7868698919479462,0.754941670086896,0.0050537747601656375,0.0075361817430990045,0.01160244787822836,,,,,,
logistic_regression,10,4.0,,0.7919987701574319,0.7874095027194149,0.7548552922396132,0.0045502136163082865,0.007797042092624885,0.010891244903826869,,,,,,
logistic_regression,11,0.1,balanced,0.7898132376789112,0.7848553167052204,0.7533699685648858,0.005384496962731576,0.007703139108525642,0.012083760202569696,,,,,,
logistic_regression,12,2.0,,0.7920200291764453,0.7873715043484312,0.7553663446977982,0.0046103302852044505,0.007453219259725719,0.010886924267289476,,,,,,
random_forest,1,,,0.7943241672626182,0.792487840754664,0.7566372552133387,0.004550330204593129,0.0064635519395563985,0.006516826238091415,420.0,none,15.0,,,
random_forest,2,,,0.7936685668288327,0.7922952891597559,0.7563775325490234,0.005118883554971556,0.0064776379821419785,0.007423843885869609,320.0,8,15.0,,,
random_forest,3,,balanced,0.793897727158268,0.7912646728393807,0.7579760200997876,0.005099612589959415,0.007020165106165988,0.005949617591720088,420.0,8,1.0,,,
random_forest,4,,,0.7943550222768371,0.7921458206064773,0.757119682106392,0.005184135758199044,0.0067036339107719115,0.0065868207734571405,420.0,12,5.0,,,
random_forest,5,,,0.7928195542618092,0.7898368702008601,0.7555970485037558,0.005196138813933519,0.005951532651010951,0.007199752188786843,220.0,12,1.0,,,
random_forest,6,,balanced,0.7934447086216563,0.7911761595205569,0.7573568612115321,0.004795535847165078,0.006725288507876369,0.0061112223056823045,420.0,none,5.0,,,
random_forest,7,,balanced,0.7936371331540443,0.7904015395691059,0.7583304574013996,0.005462337218484499,0.00593118205581996,0.006143459585768274,220.0,8,1.0,,,
random_forest,8,,,0.7944296478345974,0.7924995751945612,0.757371754634565,0.005297625671870528,0.006161975975309493,0.005875904454372842,320.0,12,5.0,,,
random_forest,9,,balanced,0.7930087457150243,0.7900914641422896,0.757692708713782,0.004935886789110118,0.006820431502176854,0.005117733978438227,320.0,none,5.0,,,
random_forest,10,,balanced,0.7946329013943587,0.7929764542357557,0.7577817854791558,0.004677168826731155,0.006259773931894134,0.0062632814270350695,220.0,12,15.0,,,
random_forest,11,,,0.7942718794801288,0.7925753139319459,0.7556699442009374,0.004980461904249359,0.006303935219038873,0.006381859070334628,220.0,8,5.0,,,
random_forest,12,,,0.7941405277276955,0.7922936394863939,0.7554204597432274,0.004886601773272086,0.007044179022022408,0.006189237195249546,420.0,8,5.0,,,
random_forest,13,,balanced,0.7937876263669115,0.7921457464356451,0.7572969042119534,0.004574471871232156,0.005881504992540665,0.0062120876730246246,420.0,8,15.0,,,
random_forest,14,,,0.7942807123215923,0.7926912132304171,0.7562631251192329,0.005037769994437369,0.006945644105967356,0.006811830433874836,320.0,8,5.0,,,
random_forest,15,,balanced,0.7942411557431266,0.7920328422714945,0.7575573454220635,0.005134404156763019,0.006307634976184259,0.007201137356889194,220.0,none,15.0,,,
random_forest,16,,balanced,0.7891483401490047,0.7836601180013479,0.7539242537334381,0.0051279909955355505,0.006155431365198532,0.006971463511459662,220.0,none,1.0,,,
random_forest,17,,,0.7889834990246539,0.7853872794557593,0.7520073391753823,0.005459152198791676,0.007422913658854563,0.0048322898468983804,320.0,none,1.0,,,
random_forest,18,,balanced,0.7941824209398913,0.7917852206640541,0.7597236683177957,0.005477769852921853,0.0067885131173084316,0.005589505044537693,320.0,12,5.0,,,
random_forest,19,,balanced,0.7945682349425703,0.7932079779281775,0.7560260728057294,0.004753094467895213,0.007400588700838434,0.0060703344316866475,320.0,8,5.0,,,
random_forest,20,,balanced,0.7903527945091877,0.78629811488654,0.7551192070369801,0.0053972066870244615,0.006757659765192076,0.006094401903950142,420.0,none,1.0,,,
random_forest,21,,,0.7933774644695359,0.7902567514205552,0.7569281988350592,0.005576300782988121,0.007046857704971049,0.005918973028246192,320.0,8,1.0,,,
random_forest,22,,,0.7944811148826731,0.7921709719915654,0.7565335831530758,0.005259089010424446,0.005481046713016326,0.006171610524309848,220.0,12,5.0,,,
random_forest,23,,,0.7935283083705174,0.79040611539161,0.7560705559537445,0.005478139321086259,0.006068044248771304,0.007724337485660772,320.0,none,5.0,,,
random_forest,24,,balanced,0.7946034534973123,0.7922243870088488,0.7592107461169004,0.005008747126253904,0.006927092372827181,0.0052224713168965075,420.0,12,5.0,,,
random_forest,25,,balanced,0.7933909682282276,0.7893331882073821,0.7567354256461524,0.005530982207669034,0.007023069646813851,0.006439806304133346,420.0,12,1.0,,,
random_forest,26,,,0.7934873287268795,0.7906540032525881,0.7567961419831201,0.005186125223950787,0.00561947239187481,0.00633184598045294,220.0,none,5.0,,,
random_forest,27,,balanced,0.7944746274043708,0.7925723542403722,0.7577146000462786,0.004765102013006275,0.006406419446239281,0.006036610856584219,420.0,12,15.0,,,
random_forest,28,,balanced,0.7937525177694289,0.7912461164139131,0.7578973560272629,0.005280408319583108,0.006828741857500112,0.006195594191868786,320.0,8,1.0,,,
random_forest,29,,balanced,0.7936462067263625,0.7918769106891027,0.7564639842077314,0.004602984432664328,0.005763566459147305,0.006192538505542123,320.0,8,15.0,,,
random_forest,30,,balanced,0.7942706101872463,0.7919742481249967,0.7577569959538348,0.0049772750217270565,0.006043207039471446,0.006499384040441957,320.0,none,15.0,,,
random_forest,31,,,0.7942005504577916,0.7922964556450983,0.7565309404244724,0.004651808327343086,0.00609712088878642,0.006408247015939301,220.0,none,15.0,,,
random_forest,32,,,0.7895334137448253,0.7857057885675583,0.7521381178538628,0.005618898112852559,0.007418420387441069,0.0062178080596030205,420.0,none,1.0,,,
random_forest,33,,balanced,0.7938548780733475,0.7912006680730684,0.7591913075362356,0.005443851189179202,0.006824866000082683,0.006077464660966956,220.0,12,5.0,,,
random_forest,34,,balanced,0.7943333029481975,0.7927272815276348,0.7572338128947858,0.004579343693824683,0.006791107828220554,0.00585058832396797,220.0,8,5.0,,,
random_forest,35,,balanced,0.7931431502502997,0.7895238926849711,0.7572432903203912,0.005560636952020966,0.0067599852530066205,0.006850728138787934,320.0,12,1.0,,,
random_forest,36,,balanced,0.7946019399482277,0.7930949144344666,0.7565716908481791,0.004710784070036186,0.0071489940958415965,0.00586726078630152,420.0,8,5.0,,,
random_forest,37,,,0.794527072988118,0.793313221915932,0.7569200558368803,0.004442553780949061,0.005250338673395702,0.0068164804603381875,220.0,12,15.0,,,
random_forest,38,,,0.79348616133332,0.7909093849039014,0.755918661638244,0.005215507235432029,0.007195747621937814,0.006674853185575309,420.0,8,1.0,,,
random_forest,39,,balanced,0.7928539613151895,0.7900088444485646,0.7580674163450792,0.00507926959469968,0.006209249949226411,0.004208786760074286,220.0,none,5.0,,,
random_forest,40,,,0.7943066434329495,0.7928090675735722,0.7567367503660292,0.00471591368223003,0.006008055765023277,0.0069307645323301754,320.0,12,15.0,,,
xgboost,1,,,0.7906351518249548,0.7907531552335432,0.7539132392788321,0.0064769984594550125,0.006359511038852407,0.008181392189606023,220.0,6,,0.04,0.9,0.8
xgboost,2,,,0.7924895010122783,0.7928185888352156,0.75512885825627,0.005982577653039298,0.006250347566819542,0.005882374150708424,220.0,6,,0.03,0.8,0.8
xgboost,3,,,0.7901643679723881,0.7901199548348818,0.7550989320545712,0.006047348492621295,0.007567312766582307,0.00888567246148878,220.0,6,,0.04,0.9,0.9
xgboost,4,,,0.7929515102755478,0.7927693495777419,0.75699796786314,0.007489607880827887,0.008424847531337952,0.006415000697123765,420.0,4,,0.04,0.9,0.9
xgboost,5,,,0.7945698500552304,0.7949163246162041,0.7575467983697995,0.006708536927448977,0.007005797455510696,0.005705069536954616,220.0,4,,0.04,0.9,0.9
xgboost,6,,,0.7918903674083325,0.7919511832314686,0.756281789928521,0.007010213326609119,0.007173614478336303,0.006891067880529868,320.0,4,,0.06,0.9,0.8
xgboost,7,,,0.7950178845902036,0.7947179989032692,0.756767534163729,0.006016016054618423,0.006579303241164326,0.006923090142360041,220.0,4,,0.04,0.9,0.8
xgboost,8,,,0.7806867364685421,0.7809659325168397,0.7484036731130205,0.005933934784173575,0.008972754418359584,0.006180889006327746,420.0,6,,0.06,0.8,0.9
xgboost,9,,,0.7930305331164407,0.7936832662235929,0.7552400232290898,0.006256720983185947,0.006288884605381293,0.007365653384894937,220.0,6,,0.03,0.8,0.9
xgboost,10,,,0.7929213293580848,0.7922189331334042,0.7560356397832202,0.005418857815160788,0.007386224746088011,0.007204356703687107,320.0,5,,0.03,0.9,0.9
xgboost,11,,,0.7935714671823746,0.7928573549495923,0.7562154149746013,0.00551248531286716,0.006737980278025385,0.006469325334492623,220.0,5,,0.03,0.9,0.9
xgboost,12,,,0.7917460074603062,0.7907626599898081,0.7574085212597388,0.006512272007055072,0.00771386806875683,0.00840816413127693,320.0,5,,0.04,0.8,0.8
xgboost,13,,,0.7920887601857354,0.7919794155395798,0.7564709481397137,0.006622393049940682,0.006680987488285503,0.006712418604973458,320.0,4,,0.06,0.9,0.9
xgboost,14,,,0.7928610371907348,0.792335503220426,0.7559587306898862,0.005445109126967922,0.006861709852562944,0.00731658278561458,320.0,5,,0.03,0.9,0.8
xgboost,15,,,0.7881405616381786,0.7867848963275442,0.7528159680881186,0.005829492232714941,0.007827789531369724,0.005395144505755111,220.0,6,,0.06,0.8,0.9
xgboost,16,,,0.7834765310079471,0.7833760199193349,0.7497299144257086,0.007796982158127476,0.009671597635863725,0.006985844394506844,320.0,6,,0.06,0.9,0.8
xgboost,17,,,0.7845056876441615,0.7846728762381835,0.7510009521203392,0.008044773944244766,0.008537521429202829,0.01009965111571542,320.0,6,,0.06,0.8,0.8
xgboost,18,,,0.7932340185936886,0.7928280076316125,0.7569862814056265,0.006378303432338093,0.007386599780401833,0.00791158434875491,220.0,4,,0.06,0.8,0.9
xgboost,19,,,0.7901305716434498,0.7897442172652793,0.7545060465977256,0.0063157359566408874,0.009103263167170214,0.007851696762738454,420.0,5,,0.04,0.9,0.8
xgboost,20,,,0.7863954058010428,0.7858649049835481,0.7507915198325446,0.007497107323015552,0.00856798733102271,0.010458796176052864,420.0,6,,0.04,0.9,0.8
xgboost,21,,,0.7940674694385967,0.7932349893994277,0.7582349799296957,0.007038819168616267,0.008437042945697592,0.006103920036671719,320.0,4,,0.04,0.8,0.8
xgboost,22,,,0.7931356041605813,0.7932449994207621,0.7572877394394711,0.0067550699745471425,0.007327623220650176,0.006637327069313776,220.0,5,,0.04,0.8,0.8
xgboost,23,,,0.7898127637715172,0.7899388209108047,0.7543561154797944,0.0068415467346412484,0.008058167942441886,0.006470708625888819,420.0,4,,0.06,0.9,0.8
xgboost,24,,,0.7813521725372092,0.7831808139981333,0.7488054646712443,0.008233065132001581,0.008435852503115765,0.010229219341947773,420.0,6,,0.06,0.8,0.8
xgboost,25,,,0.7946780713328835,0.7951592500444628,0.7574184423458539,0.00600719825098551,0.006327071587213916,0.006917939847547667,220.0,4,,0.03,0.9,0.9
xgboost,26,,,0.7947534929476266,0.7943450328570194,0.7562474121212797,0.006196515065394154,0.007565694461314693,0.005828207387703951,320.0,4,,0.03,0.8,0.8
xgboost,27,,,0.7906836615263747,0.7910800095203085,0.7551247438758708,0.005622900000603136,0.007548354775872382,0.007389686457683317,320.0,6,,0.03,0.9,0.8
xgboost,28,,,0.792920492843545,0.7922341328528815,0.7572738714931317,0.006345096244979061,0.008951531985268733,0.006967372937721612,220.0,4,,0.06,0.8,0.8
xgboost,29,,,0.7868498081203856,0.7864257068335772,0.7533917756302173,0.00794961922363383,0.009995642703573884,0.008428212387571972,220.0,6,,0.06,0.9,0.8
xgboost,30,,,0.7947897422467542,0.7941065447617703,0.7564411239324984,0.00611764772164097,0.006879527661936751,0.007514695657770285,320.0,4,,0.03,0.8,0.9
xgboost,31,,,0.7882419964545079,0.7879709006198066,0.751101930846176,0.006868846205957553,0.00786654376167262,0.009811085453457007,320.0,6,,0.04,0.9,0.8
xgboost,32,,,0.7902138829853311,0.7893959599588387,0.7551754927475847,0.007153718052292904,0.009370382593066932,0.009145522232788177,220.0,5,,0.06,0.8,0.8
xgboost,33,,,0.7892704075637165,0.7883574737580739,0.7544624598734412,0.007518659007952489,0.008854076367077702,0.009596556974214507,320.0,6,,0.04,0.8,0.8
xgboost,34,,,0.7945307912222211,0.7946069153044479,0.757620398027764,0.005998449929843098,0.006746933427478739,0.0063018363712089714,320.0,4,,0.03,0.9,0.8
xgboost,35,,,0.7874814335069147,0.7865477233458983,0.7538117097193378,0.007520022542658463,0.009438094140970774,0.008466237319995773,320.0,5,,0.06,0.8,0.9
xgboost,36,,,0.7868059556544891,0.7870670768380046,0.7537059570941139,0.007314052637093746,0.008306299660111625,0.008710084801710373,420.0,6,,0.04,0.8,0.8
xgboost,37,,,0.791431536749227,0.7910206444123784,0.7550227941820247,0.006060393244885603,0.008069774585127858,0.007491122724355444,320.0,5,,0.04,0.9,0.8
xgboost,38,,,0.7876737348200227,0.786512458553295,0.7534892754533147,0.007543444298801563,0.010821762245913446,0.007402279701832949,220.0,6,,0.06,0.9,0.9
xgboost,39,,,0.7939277114956537,0.7938991169274532,0.7560807429830778,0.006857416166083562,0.007123370364488913,0.006319654051421083,320.0,4,,0.04,0.9,0.9
xgboost,40,,,0.7871195898510288,0.7871191302071047,0.7509765446138412,0.007629078069772705,0.007159098152170157,0.008087562219565868,220.0,6,,0.06,0.8,0.8
