test_index,perturbations,exact_match_rate,jaccard_mean
0,8,0.5,0.8
1,8,0.625,0.85
2,8,1.0,1.0
3,8,0.625,0.85
4,8,1.0,1.0
5,8,0.75,0.9
6,8,0.875,0.95
7,8,1.0,1.0
8,8,1.0,1.0
9,8,0.625,0.8499999999999999
10,8,1.0,1.0
11,8,1.0,1.0
12,8,1.0,1.0
13,8,0.875,0.95
14,8,0.25,0.7
15,8,0.625,0.85
16,8,0.875,0.95
17,8,1.0,1.0
18,8,1.0,1.0
19,8,0.75,0.9
20,8,1.0,1.0
21,8,0.25,0.7
22,8,0.5,0.8
23,8,1.0,1.0
24,8,0.875,0.95
25,8,0.875,0.95
26,8,0.25,0.7
27,8,0.375,0.75
28,8,1.0,1.0
29,8,0.875,0.95
30,8,0.5,0.8
31,8,1.0,1.0
32,8,0.75,0.8999999999999999
33,8,0.0,0.6
34,8,0.75,0.8999999999999999
35,8,0.5,0.7999999999999999
36,8,1.0,1.0
37,8,0.5,0.8
38,8,1.0,1.0
39,8,1.0,1.0
40,8,0.75,0.9
41,8,1.0,1.0
42,8,0.875,0.95
43,8,0.75,0.9
44,8,1.0,1.0
45,8,1.0,1.0
46,8,0.625,0.8499999999999999
47,8,1.0,1.0
48,8,0.375,0.75
49,8,0.875,0.95
50,8,1.0,1.0
51,8,0.125,0.65
52,8,0.375,0.75
53,8,0.875,0.95
54,8,0.625,0.8499999999999999
55,8,1.0,1.0
56,8,0.875,0.95
57,8,0.375,0.75
58,8,0.5,0.7999999999999999
59,8,0.75,0.9
60,8,1.0,1.0
61,8,0.75,0.8999999999999999
62,8,0.875,0.95
63,8,0.875,0.95
64,8,0.75,0.9
65,8,1.0,1.0
66,8,1.0,1.0
67,8,0.625,0.85
68,8,0.625,0.8499999999999999
69,8,0.375,0.75
70,8,1.0,1.0
71,8,1.0,1.0
72,8,0.875,0.95
73,8,1.0,1.0
74,8,0.75,0.8999999999999999
75,8,0.75,0.9
76,8,0.75,0.8999999999999999
77,8,0.875,0.95
78,8,1.0,1.0
79,8,0.75,0.8999999999999999
80,8,0.875,0.95
81,8,1.0,1.0
82,8,0.875,0.95
83,8,1.0,1.0
84,8,0.625,0.85
85,8,0.75,0.8999999999999999
86,8,1.0,1.0
87,8,1.0,1.0
88,8,0.75,0.8999999999999999
89,8,0.75,0.8999999999999999
90,8,0.625,0.8499999999999999
91,8,0.625,0.8499999999999999
92,8,0.5,0.8
93,8,1.0,1.0
94,8,0.875,0.95
95,8,1.0,1.0
96,8,1.0,1.0
97,8,0.875,0.95
98,8,1.0,1.0
99,8,0.5,0.7999999999999999
100,8,0.375,0.75
101,8,1.0,1.0
102,8,1.0,1.0
103,8,0.875,0.95
104,8,0.75,0.8999999999999999
105,8,1.0,1.0
106,8,0.375,0.7499999999999999
107,8,1.0,1.0
108,8,1.0,1.0
109,8,1.0,1.0
110,8,0.875,0.95
111,8,1.0,1.0
112,8,1.0,1.0
113,8,0.375,0.75
114,8,0.75,0.9
115,8,1.0,1.0
116,8,1.0,1.0
117,8,0.625,0.8499999999999999
118,8,1.0,1.0
119,8,0.375,0.75
120,8,0.625,0.8499999999999999
121,8,0.75,0.8999999999999999
122,8,1.0,1.0
123,8,0.5,0.8
124,8,0.5,0.8
125,8,1.0,1.0
126,8,1.0,1.0
127,8,0.875,0.95
128,8,1.0,1.0
129,8,1.0,1.0
130,8,0.875,0.95
131,8,0.875,0.95
132,8,0.75,0.9
133,8,1.0,1.0
134,8,1.0,1.0
135,8,1.0,1.0
136,8,0.75,0.9
137,8,0.875,0.95
138,8,0.625,0.85
139,8,0.75,0.8999999999999999
140,8,1.0,1.0
141,8,1.0,1.0
142,8,1.0,1.0
143,8,0.875,0.95
144,8,0.625,0.8499999999999999
145,8,0.5,0.7999999999999999
146,8,1.0,1.0
147,8,1.0,1.0
148,8,1.0,1.0
149,8,0.375,0.7499999999999999
150,8,1.0,1.0
151,8,1.0,1.0
152,8,1.0,1.0
153,8,1.0,1.0
154,8,0.625,0.85
155,8,0.5,0.7999999999999999
156,8,0.625,0.85
157,8,0.375,0.7166666666666667
158,8,0.375,0.75
159,8,0.5,0.8
160,8,0.875,0.95
161,8,0.5,0.7999999999999998
162,8,1.0,1.0
163,8,0.75,0.8999999999999999
164,8,0.875,0.95
165,8,0.625,0.8500000000000001
166,8,1.0,1.0
167,8,1.0,1.0
168,8,1.0,1.0
169,8,0.75,0.9
170,8,1.0,1.0
171,8,0.75,0.8999999999999999
172,8,1.0,1.0
173,8,1.0,1.0
174,8,0.875,0.95
175,8,1.0,1.0
176,8,1.0,1.0
177,8,1.0,1.0
178,8,1.0,1.0
179,8,1.0,1.0
180,8,1.0,1.0
181,8,1.0,1.0
182,8,1.0,1.0
183,8,0.125,0.6166666666666666
184,8,0.375,0.7499999999999999
185,8,1.0,1.0
186,8,0.5,0.7999999999999999
187,8,0.875,0.95
188,8,0.875,0.95
189,8,0.875,0.95
190,8,0.875,0.95
191,8,1.0,1.0
192,8,0.875,0.95
193,8,0.875,0.95
194,8,1.0,1.0
195,8,1.0,1.0
196,8,0.5,0.8
197,8,1.0,1.0
198,8,1.0,1.0
199,8,1.0,1.0
200,8,0.75,0.8999999999999999
201,8,1.0,1.0
202,8,1.0,1.0
203,8,1.0,1.0
204,8,0.75,0.8999999999999999
205,8,1.0,1.0
206,8,0.25,0.7
207,8,1.0,1.0
208,8,0.875,0.95
209,8,0.875,0.95
210,8,0.375,0.7499999999999999
211,8,1.0,1.0
212,8,0.625,0.85
213,8,0.625,0.8499999999999999
214,8,0.5,0.7999999999999999
215,8,1.0,1.0
216,8,0.75,0.8999999999999999
217,8,1.0,1.0
218,8,1.0,1.0
219,8,0.125,0.6499999999999999
220,8,1.0,1.0
221,8,1.0,1.0
222,8,1.0,1.0
223,8,0.625,0.8500000000000001
224,8,0.625,0.85
225,8,0.75,0.8999999999999999
226,8,0.5,0.7999999999999999
227,8,0.875,0.95
228,8,1.0,1.0
229,8,0.75,0.8999999999999999
230,8,1.0,1.0
231,8,0.625,0.85
232,8,1.0,1.0
233,8,0.625,0.8500000000000001
234,8,1.0,1.0
235,8,1.0,1.0
236,8,0.5,0.8
237,8,0.875,0.95
238,8,1.0,1.0
239,8,1.0,1.0
240,8,0.75,0.8999999999999999
241,8,1.0,1.0
242,8,0.0,0.5333333333333333
243,8,1.0,1.0
244,8,0.75,0.9
245,8,0.75,0.9
246,8,0.125,0.5833333333333333
247,8,0.375,0.75
248,8,1.0,1.0
249,8,0.5,0.7999999999999999
250,8,0.75,0.8999999999999999
251,8,1.0,1.0
252,8,0.75,0.9
253,8,0.5,0.7999999999999999
254,8,1.0,1.0
255,8,0.875,0.95
256,8,0.875,0.95
257,8,0.875,0.95
258,8,1.0,1.0
259,8,0.625,0.85
260,8,0.625,0.8500000000000001
261,8,1.0,1.0
262,8,0.75,0.9
263,8,0.75,0.9
264,8,0.875,0.95
265,8,0.5,0.8
266,8,1.0,1.0
267,8,1.0,1.0
268,8,0.5,0.7999999999999999
269,8,1.0,1.0
270,8,1.0,1.0
271,8,0.125,0.6499999999999999
272,8,0.625,0.85
273,8,0.25,0.7
274,8,0.375,0.75
275,8,0.5,0.8
276,8,1.0,1.0
277,8,1.0,1.0
278,8,1.0,1.0
279,8,1.0,1.0
280,8,1.0,1.0
281,8,1.0,1.0
282,8,1.0,1.0
283,8,0.875,0.95
284,8,0.875,0.95
285,8,0.25,0.7
286,8,0.0,0.5666666666666667
287,8,0.875,0.95
288,8,1.0,1.0
289,8,0.0,0.5333333333333333
290,8,0.5,0.7999999999999999
291,8,0.375,0.75
292,8,1.0,1.0
293,8,1.0,1.0
294,8,1.0,1.0
295,8,0.75,0.8999999999999999
296,8,1.0,1.0
297,8,1.0,1.0
298,8,1.0,1.0
299,8,1.0,1.0
300,8,1.0,1.0
301,8,0.0,0.5666666666666667
302,8,0.625,0.85
303,8,0.0,0.6
304,8,0.875,0.95
305,8,0.75,0.8999999999999999
306,8,0.375,0.75
307,8,1.0,1.0
308,8,0.625,0.8499999999999999
309,8,0.625,0.8500000000000001
310,8,0.375,0.75
311,8,0.5,0.7999999999999998
312,8,0.5,0.7999999999999999
313,8,0.75,0.8999999999999999
314,8,0.875,0.95
315,8,1.0,1.0
316,8,0.5,0.7999999999999999
317,8,0.875,0.95
318,8,1.0,1.0
319,8,0.625,0.85
320,8,0.625,0.85
321,8,0.375,0.7499999999999999
322,8,0.875,0.95
323,8,0.75,0.9
324,8,0.0,0.5666666666666667
325,8,0.625,0.85
326,8,0.625,0.8499999999999999
327,8,0.125,0.6499999999999999
328,8,1.0,1.0
329,8,0.375,0.75
330,8,1.0,1.0
331,8,1.0,1.0
332,8,0.625,0.85
333,8,0.875,0.95
334,8,0.5,0.8
335,8,0.75,0.8999999999999999
336,8,1.0,1.0
337,8,0.5,0.8
338,8,0.375,0.75
339,8,1.0,1.0
340,8,1.0,1.0
341,8,0.625,0.85
342,8,0.75,0.8999999999999999
343,8,1.0,1.0
344,8,1.0,1.0
345,8,0.875,0.95
346,8,0.5,0.7999999999999999
347,8,0.375,0.6833333333333332
348,8,1.0,1.0
349,8,0.75,0.8999999999999999
350,8,0.875,0.95
351,8,0.625,0.85
352,8,0.375,0.75
353,8,1.0,1.0
354,8,1.0,1.0
355,8,1.0,1.0
356,8,0.625,0.85
357,8,1.0,1.0
358,8,0.375,0.7499999999999999
359,8,0.375,0.75
360,8,0.625,0.8499999999999999
361,8,1.0,1.0
362,8,1.0,1.0
363,8,0.375,0.75
364,8,1.0,1.0
365,8,1.0,1.0
366,8,1.0,1.0
367,8,0.875,0.95
368,8,1.0,1.0
369,8,0.875,0.95
370,8,0.5,0.8
371,8,0.625,0.85
372,8,0.875,0.95
373,8,0.875,0.95
374,8,1.0,1.0
375,8,1.0,1.0
376,8,1.0,1.0
377,8,1.0,1.0
378,8,0.375,0.75
379,8,1.0,1.0
380,8,1.0,1.0
381,8,0.875,0.95
382,8,0.875,0.95
383,8,1.0,1.0
384,8,1.0,1.0
385,8,1.0,1.0
386,8,0.875,0.95
387,8,1.0,1.0
388,8,0.75,0.9
389,8,0.875,0.95
390,8,0.375,0.7499999999999999
391,8,0.25,0.7
392,8,1.0,1.0
393,8,0.625,0.85
394,8,1.0,1.0
395,8,1.0,1.0
396,8,0.875,0.95
397,8,1.0,1.0
398,8,1.0,1.0
399,8,0.875,0.95
