epochs,batch_size,calibration_keypoints,lattice_size,learning_rate,early_stopping_patience,grouping_mode,max_group_dim,tune_profile,cv_splits,cv_repeats,cv_folds,auc_mean,auc_std,pr_auc_mean,pr_auc_std,f1_mean,f1_std,brier_mean,log_loss_mean,fallback_count,all_lattice,balanced_score,risk_heavy_score,composite_score
36,128,10,3,0.005,6,correlation,2,final,5,1,5,0.7931116114865886,0.005823295374400981,0.7895649007847976,0.013152755914177182,0.7571510278635065,0.006080638417168668,0.18547173738479614,0.5526462558432887,0,True,1.7307314891810293,1.7748635497427279,1.7307314891810293
36,128,15,3,0.005,6,fixed,3,final,5,1,5,0.7929418300916925,0.006166166955905997,0.7892001682771083,0.011419718829104407,0.7583872208511433,0.006340962144720638,0.18561772406101226,0.5532266658252857,0,True,1.73058273094332,1.7749304926316565,1.73058273094332
36,128,15,4,0.005,4,fixed,2,final,5,1,5,0.7929163214344468,0.007357846606490297,0.7889488372052964,0.012642188108478503,0.7579276298737537,0.005410116943594124,0.18574171662330627,0.5535255057946852,0,True,1.729946703223819,1.7741675733424755,1.729946703223819
28,128,15,4,0.005,6,fixed,2,final,5,1,5,0.7928164260197488,0.0054458237494077084,0.7899300681355818,0.009892428988039118,0.7584065364466136,0.006059184419173451,0.18599897921085357,0.5540464175971491,0,True,1.7308337203774644,1.775242428396538,1.7308337203774644
36,128,10,3,0.005,4,fixed,2,final,5,1,5,0.792475740742606,0.00569570907652501,0.7882238328685292,0.011038626792629496,0.7560999371392209,0.006113402061403654,0.18602543473243713,0.5542586406580775,0,True,1.727553931003931,1.7713882215372032,1.727553931003931
28,128,15,3,0.005,4,correlation,2,final,5,1,5,0.7921505021101721,0.005419686832917995,0.7891233837212275,0.011905200886496888,0.7562648213816761,0.007127221234093624,0.1859137237071991,0.5534428615174172,0,True,1.728518550249702,1.7725816094002547,1.728518550249702
28,128,20,4,0.005,4,fixed,3,final,5,1,5,0.7918985138982618,0.006767445853135466,0.7887800173042854,0.0107679466245914,0.75533685333939,0.006952004010024122,0.18656543493270875,0.5555718523231447,0,True,1.7265837225725997,1.770370799575097,1.7265837225725997
28,128,10,3,0.005,4,fixed,3,final,5,1,5,0.7916216609085994,0.005980307665070349,0.7875291649442238,0.01181761943322194,0.7545976786331228,0.006284455894808492,0.18639350533485413,0.555122571605496,0,True,1.7248780640404902,1.7684700554995425,1.7248780640404902
20,128,15,4,0.005,4,fixed,2,final,5,1,5,0.7915509838236924,0.004784479158646825,0.788509882264416,0.010399864891898557,0.7548953208000404,0.00531144590589169,0.1870003342628479,0.5565137509265593,0,True,1.7253286468112632,1.7690228148866467,1.7253286468112632
28,128,20,3,0.005,6,correlation,2,final,5,1,5,0.7914616897157227,0.005435810686518491,0.787860638542183,0.011424596008293555,0.7566601967438334,0.005340985005319453,0.1862509936094284,0.5544701631244038,0,True,1.7263376708143954,1.7704399279180159,1.7263376708143954
36,128,20,3,0.003,4,fixed,2,final,5,1,5,0.791448182851368,0.005536969325776855,0.7884560681232251,0.010792267793880593,0.7556416769529278,0.0056115028457050615,0.1867222309112549,0.5557955888614223,0,True,1.7258521871673083,1.7697467133568718,1.7258521871673083
28,128,10,3,0.005,4,fixed,2,final,5,1,5,0.7913349695980768,0.0053180803559935595,0.7867724515499116,0.01197162621423912,0.7566540632881058,0.007379277140503653,0.1864624559879303,0.5553751357457697,0,True,1.724760664083436,1.7687329711891444,1.724760664083436
36,128,10,4,0.005,4,correlation,3,final,5,1,5,0.7911977460440568,0.00611089567550472,0.786812974187795,0.013891631378810413,0.7559393610162153,0.004966251462728684,0.18667421042919158,0.5558052653061182,0,True,1.7241137157969797,1.7679530729448847,1.7241137157969797
36,128,20,3,0.003,4,correlation,2,final,5,1,5,0.7910624075435716,0.006566632284203046,0.7889311145038622,0.013037376035553886,0.7559356326596463,0.0063074819875066045,0.18641550540924073,0.5545110090621436,0,True,1.7265993841236584,1.7707415901441526,1.7265993841236584
20,128,20,3,0.005,6,fixed,2,final,5,1,5,0.7907961253076286,0.005059568203957971,0.7863264592215857,0.012986299370181965,0.7557117464506441,0.005925484178401426,0.186843079328537,0.5563009654185187,0,True,1.7229045039923474,1.7667052258721836,1.7229045039923474
28,128,20,4,0.003,6,fixed,3,final,5,1,5,0.7907911657316102,0.006590502103603141,0.787572021392851,0.011662642751497837,0.7557364370168085,0.005688353286369295,0.18743858337402344,0.557625987921303,0,True,1.7235745931856046,1.7674395501858646,1.7235745931856046
28,128,20,4,0.005,4,fixed,2,final,5,1,5,0.7906531487226491,0.007465230191880532,0.7864939786888738,0.010407156945287254,0.7558183101896214,0.008172478980020473,0.18670267164707183,0.5558910035111618,0,True,1.7231538969480127,1.7670417769347364,1.7231538969480127
36,128,15,3,0.003,6,correlation,3,final,5,1,5,0.7906115534022959,0.007647787947461286,0.786947074970938,0.011518653914030607,0.7554318440976301,0.006107885862877252,0.18677833378314973,0.5557013111222886,0,True,1.7234234247726181,1.7672971248526645,1.7234234247726181
20,128,10,3,0.005,6,fixed,3,final,5,1,5,0.7906096058997525,0.005060843830720371,0.7856589249102965,0.011717146552087698,0.7565069785208665,0.005772837439580488,0.1872365117073059,0.5575341942867666,0,True,1.7219377497286528,1.765806407029567,1.7219377497286528
28,128,20,4,0.005,4,correlation,3,final,5,1,5,0.7905938969524213,0.006833569666369387,0.7854014487755971,0.0131489274405041,0.7558304248010981,0.003015294898266639,0.18651715517044068,0.5555261951707829,0,True,1.7221729587847052,1.7659840994734612,1.7221729587847052
36,128,20,3,0.003,4,correlation,3,final,5,1,5,0.790378845734162,0.006674591585096076,0.7855565367924663,0.014507833928587557,0.7568070982056584,0.004054290678494927,0.18687902987003327,0.5563993324372152,0,True,1.7222233593024256,1.7662446968541108,1.7222233593024256
36,128,20,3,0.002,6,correlation,2,final,5,1,5,0.7901589616005747,0.005181368982115668,0.7866113701890819,0.009960180820019588,0.7547852571189276,0.007187088277749966,0.18719631433486938,0.5570089544632433,0,True,1.7217705634200113,1.7655065118194282,1.7217705634200113
28,128,10,4,0.003,6,correlation,2,final,5,1,5,0.7901435465161175,0.0053240232533837166,0.7856056057508337,0.011529796926577749,0.7533471693037479,0.006978798379528914,0.18722942471504211,0.5571139301169691,0,True,1.7199869764348774,1.7633325650616387,1.7199869764348774
36,256,10,3,0.005,4,correlation,2,final,5,1,5,0.7900455566355429,0.004571363834038824,0.7868078936224404,0.011741330298416468,0.7533533409636816,0.006335417029061423,0.187234628200531,0.5569298775566713,0,True,1.7211577379548828,1.7646535903049212,1.7211577379548828
36,256,15,4,0.005,4,fixed,2,final,5,1,5,0.78990126484423,0.004459773468437831,0.7870472052641089,0.007976596039127612,0.7548710640979174,0.007148223540991177,0.1872631549835205,0.5572107280641495,0,True,1.721907616338141,1.7657457603120816,1.721907616338141
20,128,20,3,0.005,4,correlation,3,final,5,1,5,0.7898891812968578,0.00747347503117051,0.7852892105633652,0.010832226786223031,0.7568042452042245,0.004024050852994979,0.18708794116973876,0.5567591035087013,0,True,1.7212972400003423,1.7653712186627168,1.7212972400003423
36,256,15,3,0.005,4,correlation,3,final,5,1,5,0.7897834167665515,0.005133378959714982,0.7872876441462487,0.01175199183540187,0.7550754401874535,0.0029465274788320365,0.18715168237686158,0.5567290372997762,0,True,1.722323281476233,1.7662739987100493,1.722323281476233
36,128,10,4,0.003,6,correlation,2,final,5,1,5,0.7897698562665566,0.005496639703898676,0.787982188579514,0.011196627855367224,0.7535903435869191,0.007383882553535027,0.18724582195281983,0.5566068418167551,0,True,1.722285657613102,1.766017631844288,1.722285657613102
28,128,10,4,0.003,6,fixed,2,final,5,1,5,0.789598711653455,0.005991056887874533,0.7856123665044443,0.012036664616797855,0.7541483586728771,0.006633836811326125,0.18773688673973082,0.5586233889798596,0,True,1.7192196940034405,1.7627596906087768,1.7192196940034405
28,128,15,3,0.003,6,correlation,3,final,5,1,5,0.7895383246374769,0.00643864928660032,0.7849546043577816,0.011152048165375532,0.7549769206058551,0.006687021248137383,0.187442284822464,0.5576075117530102,0,True,1.7193303032201397,1.7630331072619432,1.7193303032201397
20,128,15,4,0.005,4,correlation,3,final,5,1,5,0.7894591215002535,0.008294855545953128,0.785692147482367,0.013508241744728958,0.7537770845139269,0.006671690076570543,0.18742300868034362,0.5575525324507988,0,True,1.7194118231457356,1.7629670038741672,1.7194118231457356
20,128,15,3,0.005,4,correlation,2,final,5,1,5,0.7894578689108019,0.0072159990747095466,0.7881377290288132,0.010814532552339585,0.7531815189010641,0.006799826112432616,0.1873232901096344,0.5566970642119474,0,True,1.7218777268940388,1.7656013765843752,1.7218777268940388
28,256,20,4,0.005,6,correlation,2,final,5,1,5,0.7892609107818549,0.006628535253488287,0.7869720963004274,0.01034313742933553,0.7546608765102913,0.006049870248048344,0.18734586834907532,0.5570745252544657,0,True,1.7211181878285498,1.7650416643415567,1.7211181878285498
28,128,15,3,0.002,6,fixed,2,final,5,1,5,0.7890814068149998,0.005938497069938555,0.7853481485614354,0.010785502851613988,0.7544412882951204,0.007434768733810063,0.1889467418193817,0.5616168242440455,0,True,1.7172949626747032,1.7608209126146688,1.7172949626747032
36,256,20,3,0.005,6,correlation,2,final,5,1,5,0.7890041463119831,0.004440875618301261,0.786433662872755,0.010152215191053226,0.75504368528088,0.0059838208563677405,0.1872529536485672,0.5566979900033905,0,True,1.720664764594278,1.7646811391751633,1.720664764594278
28,256,20,4,0.005,6,fixed,3,final,5,1,5,0.7889308514888717,0.007888914759828485,0.7872267292785627,0.012193798225376331,0.753937843929364,0.007584802325942269,0.18822137415409088,0.5592855546290566,0,True,1.7197322837811286,1.7634920774656304,1.7197322837811286
20,128,20,4,0.005,6,correlation,3,final,5,1,5,0.7888606358887065,0.008438292408234354,0.7843356881085428,0.013981877668285249,0.755540661577964,0.0034068543410776227,0.18759696781635285,0.5579008002881314,0,True,1.7181819811221146,1.7620565150564143,1.7181819811221146
28,128,10,4,0.005,4,correlation,2,final,5,1,5,0.7888312345766056,0.003511701348666328,0.7841652822650211,0.011365470363283944,0.7545694751710424,0.008266545388240008,0.18743540048599244,0.5574661317801581,0,True,1.7176810282068942,1.7613718979632758,1.7176810282068942
36,128,20,3,0.002,4,correlation,2,final,5,1,5,0.7884758043667301,0.005948760661195429,0.786469738632569,0.01161088827195359,0.751779850729134,0.006281651871505504,0.18806380331516265,0.5589632168008305,0,True,1.7175855818205428,1.7609452041162388,1.7175855818205428
20,256,20,4,0.005,6,fixed,3,final,5,1,5,0.7884653008464191,0.005023247574496233,0.7860132661617542,0.009168494570345034,0.7524233497600586,0.005810425995666803,0.1889228790998459,0.5614046815732526,0,True,1.7164140275175952,1.7597367298378357,1.7164140275175952
28,256,10,3,0.003,4,fixed,3,final,5,1,5,0.7883523101096888,0.004940306729244957,0.7847619927438899,0.009787071959933669,0.7512852047318013,0.005470110088476673,0.19003885388374328,0.5644235074191476,0,True,1.713200906846029,1.756042509673883,1.713200906846029
20,256,15,4,0.005,4,fixed,2,final,5,1,5,0.7882921711270703,0.006242342398344899,0.7855356532713363,0.00903806496581639,0.7500894726646968,0.00892033952710159,0.1892211318016052,0.5622318377395634,0,True,1.7142471911615866,1.7570486249092676,1.7142471911615866
36,128,20,4,0.002,4,correlation,2,final,5,1,5,0.788180666995699,0.004929289986739455,0.7861568203122612,0.010585047879705422,0.7527981654832492,0.005458816485289704,0.18814992010593415,0.5590637885172816,0,True,1.7174342600473493,1.7610202523502214,1.7174342600473493
20,128,10,4,0.003,6,fixed,2,final,5,1,5,0.7881286665290101,0.006040814951477354,0.7847442526590349,0.008540402637347917,0.7506256662097488,0.006681098773137802,0.1891121655702591,0.5620580166545202,0,True,1.7136430133497857,1.7565139377191108,1.7136430133497857
20,128,15,3,0.003,6,fixed,3,final,5,1,5,0.7880618754679479,0.0041456031956969884,0.7835096507161243,0.009648151779336105,0.7510143824591954,0.00494466908302859,0.18925043940544128,0.5624836453638811,0,True,1.7123593536552235,1.7551766378568912,1.7123593536552235
36,256,20,3,0.003,4,correlation,3,final,5,1,5,0.7880058730606392,0.007211125365433921,0.7830745152407749,0.012385896327109108,0.7534731219490667,0.0055166050727573695,0.18852401971817018,0.5605500670547547,0,True,1.713919621863149,1.7572930198121743,1.713919621863149
36,256,15,4,0.003,6,fixed,2,final,5,1,5,0.7879534039745772,0.004076485294472046,0.784474888763637,0.00574324203231244,0.7525736673076742,0.008903520575013838,0.18910191357135772,0.5618941585304584,0,True,1.7142317881921194,1.7575086218085796,1.7142317881921194
28,128,10,3,0.002,4,fixed,2,final,5,1,5,0.7879189815607551,0.006390162739485907,0.783848541853162,0.008756911101770496,0.7516829685117741,0.007113216000121984,0.1897595226764679,0.563633852308453,0,True,1.712385254826552,1.7553412137866495,1.712385254826552
28,128,10,3,0.003,6,correlation,2,final,5,1,5,0.787739264142518,0.0043525043223209756,0.7841554429849026,0.008341319193631664,0.752347144499406,0.007326596894408711,0.1883353054523468,0.5596262900573026,0,True,1.7145320167665983,1.7578878226336014,1.7145320167665983
28,256,10,3,0.005,6,correlation,3,final,5,1,5,0.7876201997361025,0.006410310998552496,0.7826417001425983,0.01138643480849819,0.7541983051830046,0.00491748710343727,0.18842010498046874,0.56005416324917,0,True,1.7136580743368999,1.7572351572780815,1.7136580743368999
28,256,20,3,0.005,4,correlation,2,final,5,1,5,0.7875392231813405,0.0063344184178230995,0.7848336280957522,0.00933718705940101,0.7539169809405951,0.0057237664602414196,0.18819035589694977,0.5590813615172432,0,True,1.7160147940369652,1.7598196403225292,1.7160147940369652
28,128,15,3,0.003,6,correlation,2,final,5,1,5,0.7875028923795422,0.003692675018346551,0.785473905203968,0.01101705230711941,0.7534710318382046,0.006735557022436203,0.18805414736270903,0.5585973091247396,0,True,1.7165924258364116,1.7604035787923042,1.7165924258364116
20,128,20,4,0.003,4,fixed,2,final,5,1,5,0.787464891150707,0.005136419331598139,0.7848154363496219,0.0110714331115087,0.7521583144482715,0.005872146282090078,0.18910609185695648,0.5619303739960066,0,True,1.7138626354544708,1.7571863450491456,1.7138626354544708
20,256,15,4,0.005,6,fixed,2,final,5,1,5,0.7874385165170913,0.005016474065984975,0.783871557814524,0.008768547260201731,0.7501015038026473,0.007348089362154702,0.18937549293041228,0.5625295291319379,0,True,1.711600392450678,1.7543936692326452,1.711600392450678
28,128,15,4,0.002,4,fixed,3,final,5,1,5,0.7873524949386084,0.006063010191169327,0.7856528573509148,0.008740188705921853,0.7520064044345091,0.006166458716732507,0.1893700033426285,0.5623059729524431,0,True,1.714327463304897,1.7577082322915467,1.714327463304897
28,256,10,4,0.005,4,fixed,2,final,5,1,5,0.7872864579661096,0.006068612457513633,0.7843048419249147,0.010301290452697107,0.7503750623169221,0.007729965621041074,0.18890556395053865,0.5612610260808923,0,True,1.7125563591310653,1.7555415128896747,1.7125563591310653
20,128,20,4,0.003,4,correlation,3,final,5,1,5,0.7872744271310724,0.009439228229879647,0.7823125161057605,0.015762993514564148,0.7514993982303334,0.005997780002605687,0.18951762318611146,0.5629911944669116,0,True,1.710386199651358,1.7533128857584408,1.710386199651358
20,256,15,4,0.005,6,correlation,3,final,5,1,5,0.7871595449616073,0.007504836123611821,0.7839843600896552,0.010261697024425231,0.751205955008908,0.007644705619003561,0.1897868812084198,0.5634684292034327,0,True,1.7115755560928312,1.754609852651085,1.7115755560928312
28,256,15,4,0.003,4,fixed,2,final,5,1,5,0.7870701746389877,0.003941471127253988,0.7831777687687862,0.01057902979054464,0.7518306288553701,0.006665647415201917,0.19006528556346894,0.5643580968391552,0,True,1.710624866829061,1.7536768297072585,1.710624866829061
20,128,10,4,0.003,6,correlation,2,final,5,1,5,0.7868798809271998,0.0035772947413649395,0.7845152662039914,0.008855910131976343,0.7509940829506124,0.0068971055502812005,0.18936093747615815,0.562210506035644,0,True,1.7122463239987902,1.75541016572209,1.7122463239987902
28,128,10,4,0.002,6,correlation,3,final,5,1,5,0.7867969316888427,0.006467831331179078,0.782066400187089,0.012121216271527693,0.7514446146623945,0.0054240242019013025,0.1903022676706314,0.5648943057431127,0,True,1.7088121786629131,1.7517036399891768,1.7088121786629131
36,128,10,4,0.002,4,correlation,3,final,5,1,5,0.7865934894390669,0.010033189143519462,0.7817556521594379,0.015737886718200266,0.7500834880816487,0.006173948848153091,0.18946875333786012,0.562766710695837,0,True,1.7085287862282144,1.7512640156378825,1.7085287862282144
28,256,20,4,0.003,4,fixed,3,final,5,1,5,0.7864361889485401,0.005875640637709623,0.7835513605515443,0.010000066342342656,0.7509319409535228,0.004328302633342956,0.1900921493768692,0.564194138826236,0,True,1.7099671415122892,1.7530117210271288,1.7099671415122892
28,128,10,4,0.002,4,fixed,2,final,5,1,5,0.7863193098377333,0.006795765228024025,0.7830748567428586,0.008499290399511392,0.7500071015078531,0.006005812744736999,0.1900947391986847,0.56415411318091,0,True,1.7089248298814628,1.751762168230727,1.7089248298814628
36,256,20,4,0.003,6,fixed,3,final,5,1,5,0.7861970240193659,0.0044506479692112185,0.7836659338409497,0.01109917646364243,0.7496490617204702,0.005974332485116997,0.18967604339122773,0.5631091463422788,0,True,1.7096640788225075,1.7525656224297095,1.7096640788225075
28,128,20,4,0.003,6,correlation,2,final,5,1,5,0.7859589466598175,0.004280101959965545,0.7849922149418566,0.009253716944714219,0.753243400729178,0.0057415736614743985,0.1889168441295624,0.5604174766244702,0,True,1.713643376321786,1.7575786147986205,1.713643376321786
20,128,15,4,0.003,4,correlation,3,final,5,1,5,0.7858440878247936,0.010614882754224213,0.7814705290345607,0.015281467877466037,0.7493657377384103,0.006331987441865905,0.1900714635848999,0.5642240552027812,0,True,1.7065047736906063,1.7491449538166468,1.7065047736906063
36,256,15,3,0.003,4,correlation,2,final,5,1,5,0.7857229143374195,0.0033556331136183446,0.7847344493225277,0.00816418572874383,0.7508956075527149,0.004467726204782876,0.1894479364156723,0.5622962320831042,0,True,1.7112118989240837,1.7546050708952403,1.7112118989240837
28,128,20,3,0.002,6,fixed,2,final,5,1,5,0.7857054940858104,0.0042811403359042915,0.7826819493981798,0.01102007513379731,0.750523721655562,0.005636445817746096,0.1899002432823181,0.5637414555373315,0,True,1.7083597462172415,1.7514045138941432,1.7083597462172415
28,256,20,4,0.003,4,correlation,2,final,5,1,5,0.7853719588004419,0.0045129091424886214,0.7848540855622947,0.009086840331197917,0.7489868260834488,0.005476368822807074,0.19030363261699676,0.5645160783030041,0,True,1.70907810347501,1.7520606815726907,1.70907810347501
36,256,20,3,0.002,4,fixed,3,final,5,1,5,0.7853089465758806,0.006329196678367464,0.7824665401936156,0.0083750352436551,0.7507295524268028,0.006689360084665754,0.19142074584960939,0.5674966766781016,0,True,1.70623227697564,1.7491882183312812,1.70623227697564
20,128,15,4,0.003,6,correlation,2,final,5,1,5,0.7851476105699983,0.004113457957022893,0.7850067344551137,0.009467505521741188,0.7502957972481317,0.005842200537924835,0.18976573646068573,0.5627393989239924,0,True,1.7103903067336437,1.7537836475685817,1.7103903067336437
28,256,20,3,0.003,4,correlation,3,final,5,1,5,0.7851325000923304,0.004372770984461994,0.78032885843998,0.009834080015212071,0.7492020924785745,0.0029331846004324114,0.19069311916828155,0.5659149544607706,0,True,1.7038535468766718,1.7464046034748797,1.7038535468766718
20,128,10,3,0.003,4,fixed,3,final,5,1,5,0.7849763996467939,0.005351968286443504,0.7812322563222438,0.009950584495603949,0.7486987200372733,0.006733574477608925,0.19032879471778869,0.5648382420684771,0,True,1.7047988723201497,1.747424649927046,1.7047988723201497
20,128,10,3,0.003,4,correlation,3,final,5,1,5,0.7849707261040212,0.007887587949309164,0.7817635437844858,0.01483448962756425,0.7511423251493194,0.0035506999736728798,0.19062173068523408,0.5652668598318744,0,True,1.7063376853849639,1.7494850165808784,1.7063376853849639
28,128,10,4,0.002,4,correlation,3,final,5,1,5,0.7849316046541299,0.010593318427073088,0.7795619916186393,0.01587187128655876,0.7504344289394218,0.006696034192553698,0.1909642845392227,0.5663679213455308,0,True,1.7032891813637,1.7460275493153457,1.7032891813637
36,256,15,3,0.002,6,correlation,3,final,5,1,5,0.7849198760756505,0.005872732670183923,0.7839563292135416,0.009460430009613144,0.7492699695883368,0.0038494745150427223,0.19192992746829987,0.5684894075433287,0,True,1.7061539119495357,1.7489950931962608,1.7061539119495357
36,256,20,4,0.002,4,correlation,2,final,5,1,5,0.7848150651517746,0.0035814000716908024,0.7825663483911687,0.010344545180970117,0.7471960337669922,0.004370641129762877,0.19140296578407287,0.5673610301573282,0,True,1.7041224767145597,1.7464872537688536,1.7041224767145597
20,128,20,4,0.003,6,correlation,3,final,5,1,5,0.7847540063053354,0.01030516435104028,0.7792204942391457,0.014152028484427702,0.7499940583121631,0.0076363285966105495,0.19029637575149536,0.5648911427847415,0,True,1.7032003545756043,1.7459258572616472,1.7032003545756043
20,256,20,3,0.005,6,fixed,2,final,5,1,5,0.7847226260143767,0.00777008177535611,0.7815007375265351,0.011634302847912595,0.7504979693913038,0.006962559405174977,0.19026135206222533,0.5646462014019246,0,True,1.7057939073334452,1.7488667396913875,1.7057939073334452
36,256,15,4,0.003,6,correlation,2,final,5,1,5,0.784639921451906,0.0075234724006983675,0.7840338184042157,0.01169354247240588,0.7490612877939411,0.00654077445877792,0.1897663503885269,0.5628646683548838,0,True,1.7082484797511774,1.751392901442262,1.7082484797511774
20,128,20,4,0.002,4,fixed,2,final,5,1,5,0.7845710429655892,0.008098581496476416,0.7809585157723258,0.009867033184212759,0.750476092359619,0.006831021907290406,0.19178321957588196,0.5686089329254875,0,True,1.7033978344786276,1.7462442492883918,1.7033978344786276
20,128,20,3,0.002,4,fixed,2,final,5,1,5,0.783904640783903,0.006004003426722426,0.7804631978468731,0.01132695265988929,0.7489591602405795,0.006389736687081454,0.19198800921440123,0.5688989098942151,0,True,1.7013351984452105,1.7439474766265222,1.7013351984452105
28,256,20,4,0.002,4,fixed,2,final,5,1,5,0.7837491968923225,0.0035366379954518464,0.779159267180124,0.008964824020788988,0.7454955334703186,0.005361349576212298,0.19343060553073882,0.5724481340538717,0,True,1.696613262782603,1.7382560501135207,1.696613262782603
36,256,15,3,0.002,4,fixed,3,final,5,1,5,0.7835397927767314,0.004257009742768493,0.7799347072136016,0.006491267512173093,0.7474976876212018,0.0054475283999866,0.1920429915189743,0.568940620545753,0,True,1.6996855283061254,1.7420235469690921,1.6996855283061254
20,256,15,4,0.003,4,fixed,2,final,5,1,5,0.783536066820439,0.00771490035289809,0.7784942612397698,0.007627174351825392,0.746218980021209,0.009913805724897324,0.19334985613822936,0.5723969611615992,0,True,1.6961309104366076,1.737897071142659,1.6961309104366076
20,256,10,3,0.003,4,correlation,2,final,5,1,5,0.7835025410199332,0.00600527143125247,0.7816301482910293,0.009594733308187834,0.7443969489556673,0.005351856549549498,0.19319315552711486,0.5714976464238631,0,True,1.6986683564350211,1.7404353705300777,1.6986683564350211
20,128,20,3,0.002,4,correlation,2,final,5,1,5,0.783349577629825,0.0033425000932232373,0.7827313802907147,0.008133243237068728,0.7507194408885863,0.006001438020364494,0.19176913797855377,0.5679271386792054,0,True,1.7043123522314,1.7476631059782637,1.7043123522314
20,128,15,3,0.002,6,correlation,3,final,5,1,5,0.7829878336909042,0.004592430689560713,0.7790247318001686,0.010932396290095256,0.7463165605734804,0.002160574600288156,0.19304704368114473,0.5714367390019711,0,True,1.696558578390894,1.7385549599973276,1.696558578390894
20,128,10,3,0.002,6,correlation,3,final,5,1,5,0.782622129444036,0.006389043573400225,0.7794576321473781,0.00965959989096826,0.7480179081618885,0.004731291975710198,0.19278202652931214,0.5706798614456329,0,True,1.6977943588605247,1.7402852847465509,1.6977943588605247
20,256,20,4,0.003,6,fixed,2,final,5,1,5,0.7825765195925369,0.005198421538747561,0.7812008922620166,0.007984109962403394,0.7490267514541578,0.0047811804090458765,0.1930582493543625,0.5712747315327004,0,True,1.699732981674315,1.7425793806962055,1.699732981674315
28,256,20,4,0.002,6,correlation,2,final,5,1,5,0.782384501818072,0.00729542143547582,0.7826555218158028,0.010862550810894628,0.7430345796590793,0.005971038373960073,0.1941388726234436,0.5736042460694686,0,True,1.6969680528144115,1.73868340826072,1.6969680528144115
36,256,10,4,0.002,4,correlation,2,final,5,1,5,0.7823133373958764,0.008861553661677605,0.7813665541834102,0.010655256634531261,0.7451527262928666,0.005352578093409919,0.19253503382205964,0.569745905460227,0,True,1.6983381810502285,1.7405554189749564,1.6983381810502285
20,128,15,3,0.002,4,correlation,3,final,5,1,5,0.7819872668654291,0.010279191014376028,0.7767258566612429,0.014374730146303631,0.7466617627950245,0.005750692450530398,0.19287866950035096,0.5711405306658637,0,True,1.6935690852910616,1.735619543609812,1.6935690852910616
36,256,15,4,0.002,6,correlation,3,final,5,1,5,0.7818296836756278,0.011122435623212275,0.7778892013352866,0.01565989633111934,0.7455077796271704,0.0042479779693857566,0.19359746277332307,0.5727462775218396,0,True,1.6932920851371913,1.7351793105849365,1.6932920851371913
20,256,20,4,0.003,4,correlation,2,final,5,1,5,0.7818056615398045,0.005319004663542401,0.7811499071639908,0.010464220619978613,0.7440338395284248,0.008258469196390762,0.1935879945755005,0.5722965969540009,0,True,1.6959510806190072,1.7378968770854306,1.6959510806190072
20,128,10,4,0.002,6,fixed,3,final,5,1,5,0.7817149540193995,0.007053518333378371,0.7765147202571233,0.010912680896912753,0.7472704557757506,0.007160053144170691,0.192994225025177,0.5715666023054411,0,True,1.6932177463524585,1.735401988614169,1.6932177463524585
28,256,20,3,0.002,4,correlation,3,final,5,1,5,0.7815336265247126,0.006741469269238587,0.7764710536705582,0.011970427165031204,0.7453513264094089,0.0019827265476634235,0.19461027681827545,0.5752373182925578,0,True,1.690425226633925,1.7320740060632924,1.690425226633925
20,128,10,4,0.002,4,fixed,3,final,5,1,5,0.7813333005979659,0.005623867440738828,0.7788708169804329,0.00844400111981482,0.7469783342867244,0.008317628007026663,0.19298892617225646,0.5710702312857835,0,True,1.6952209185372855,1.7376834954087914,1.6952209185372855
28,256,15,3,0.002,4,fixed,2,final,5,1,5,0.7812195378101886,0.004638977740064482,0.7780864210180802,0.004317066796161769,0.7457432531163392,0.006481573288274852,0.19439496397972106,0.5744846529416463,0,True,1.692228964060918,1.7342181165768737,1.692228964060918
28,256,15,4,0.002,6,fixed,3,final,5,1,5,0.7806245931581403,0.006846609439173549,0.7788056183402794,0.008278606173662172,0.7445066948838319,0.008657580021263935,0.19395745992660524,0.5733441852401273,0,True,1.69222160212097,1.73421137503813,1.69222160212097
36,256,10,4,0.002,6,correlation,3,final,5,1,5,0.7806044537726251,0.007706510989157589,0.7745729945962884,0.011869500263220296,0.7433952733655314,0.002900166325577681,0.19455844163894653,0.5751169995449886,0,True,1.686672446883144,1.7279320602841042,1.686672446883144
20,256,10,3,0.003,4,fixed,2,final,5,1,5,0.7804779314101725,0.0057747974229431795,0.7773011051533363,0.005175369422354397,0.7423560195114722,0.008259441975572499,0.19446527361869811,0.5747220077870698,0,True,1.6889112888700308,1.7302809166162714,1.6889112888700308
20,256,10,4,0.003,6,fixed,2,final,5,1,5,0.78033006416132,0.0036494222370507157,0.7775890947469883,0.006393855467488451,0.7429734975191139,0.009397997081868132,0.19427162110805513,0.5741551298025431,0,True,1.6895972880153642,1.7311771276714947,1.6895972880153642
20,128,10,3,0.002,6,correlation,2,final,5,1,5,0.7798634032862951,0.006315946515649218,0.7783218225957111,0.012158019215443754,0.7445055430620562,0.005145430329768099,0.19357771575450897,0.5722056217991884,0,True,1.6914504866324165,1.7336008157571807,1.6914504866324165
20,128,20,4,0.002,6,correlation,3,final,5,1,5,0.779690865237726,0.011973670751349112,0.7730889082492138,0.019166285898375397,0.745443234245408,0.006120944031417092,0.19473213851451873,0.575534820033499,0,True,1.6851177758950155,1.7268003995197985,1.6851177758950155
28,256,10,3,0.002,4,fixed,3,final,5,1,5,0.7796196276226066,0.006179710329361127,0.7757088034440189,0.008041323680916672,0.7415754424741385,0.0065462103921135805,0.19506965279579164,0.576188742163324,0,True,1.6854361619873732,1.7265887681939152,1.6854361619873732
20,128,10,3,0.002,4,correlation,2,final,5,1,5,0.7795145225001092,0.002736080744813845,0.7775268350088664,0.007998394377912136,0.7462130709416572,0.005414996772418637,0.19361049830913543,0.572362893431408,0,True,1.6910987806169842,1.7335730291346103,1.6910987806169842
20,256,15,4,0.002,4,correlation,2,final,5,1,5,0.7788080310767753,0.005689798548510068,0.7777020323329475,0.009664631787733096,0.7298578813689673,0.004239873838560361,0.19826394617557525,0.5833282435101177,0,True,1.6776213296305504,1.7164350907467774,1.6776213296305504
20,256,10,4,0.003,4,correlation,3,final,5,1,5,0.7781074114550283,0.009134402412163888,0.771734186884256,0.014657886991090056,0.7359201332837005,0.0033310423962697937,0.19725036025047302,0.5814706178259241,0,True,1.6748368766919666,1.7144993088548304,1.6748368766919666
20,256,15,3,0.002,4,fixed,3,final,5,1,5,0.7780176262326124,0.006606910261025813,0.7755220282301254,0.009819615783746403,0.731966899460717,0.007984032498277886,0.19779037237167357,0.5822949297754307,0,True,1.6761618042973607,1.715389115277223,1.6761618042973607
28,256,10,3,0.002,6,correlation,3,final,5,1,5,0.7776603884429044,0.007216601260946085,0.7719127527271653,0.012219573152031317,0.739799350791885,0.003611099978094574,0.19747174084186553,0.5817998544975933,0,True,1.6763485193234815,1.7168775943411148,1.6763485193234815
28,256,20,4,0.002,6,correlation,3,final,5,1,5,0.777523289870838,0.008044368447955206,0.7735646443475785,0.01101003934447269,0.7411700269841186,0.003621670507431354,0.19670677483081817,0.5799141680130677,0,True,1.6793616339397386,1.7204517373964991,1.6793616339397386
20,256,15,3,0.002,6,correlation,3,final,5,1,5,0.7757834491661715,0.002592965651361861,0.7716582306273576,0.008014809559149643,0.724992844522624,0.010605412546702084,0.20024522840976716,0.5880780297796397,0,True,1.664061745950014,1.701665546595058,1.664061745950014
20,256,10,4,0.002,4,fixed,3,final,5,1,5,0.7753834983531592,0.005041374940322422,0.7680926682424856,0.008359729877754078,0.7309460288972158,0.008873270969600095,0.19941773116588593,0.5864170058944923,0,True,1.6638196827480032,1.7024206053863384,1.6638196827480032
20,256,20,3,0.002,4,correlation,3,final,5,1,5,0.7753188843618954,0.010201285392320021,0.769720929331007,0.01577160630554806,0.7346893893717736,0.006132368537905816,0.19901513755321504,0.5852886336409641,0,True,1.667730459093809,1.7073122213468372,1.667730459093809
28,256,10,4,0.002,4,correlation,3,final,5,1,5,0.7752354441769658,0.00843794902594907,0.772119502328444,0.011133274223897373,0.733604712445319,0.008489410271927103,0.19905756711959838,0.5853328564610917,0,True,1.6694792895427675,1.7090984506062281,1.6694792895427675
20,256,10,3,0.002,6,correlation,3,final,5,1,5,0.7726347463260845,0.007368107786568277,0.7667026278424899,0.011225924888618535,0.7152118255967341,0.0054697552077855715,0.20254894196987153,0.5934162453390024,0,True,1.6487378127043164,1.6842526790757453,1.6487378127043164
20,256,10,4,0.002,4,correlation,3,final,5,1,5,0.7718505579281703,0.01389545785833504,0.7649824850737963,0.018198047917594794,0.7034103880123926,0.011751565607662919,0.20479488372802734,0.5984227089235407,0,True,1.6381313121393182,1.6710203912173653,1.6381313121393182
20,256,15,4,0.002,4,correlation,3,final,5,1,5,0.7706776310002251,0.006510417002851676,0.7645515713943039,0.00764991612971197,0.7140291243020063,0.006533442901538955,0.2034931570291519,0.5955267164162348,0,True,1.6431107823940192,1.6784599023729945,1.6431107823940192
